	date	measured	day_count	week	time_elapsed	credit_kwh	credit_ghs	credit_ghs_fixed	ac_use	ghs_used	ghs_used_phr	part
0	2023-02-16	1	1	1	23.39	576.91	1036.55	7674.96	1	17.36	0.742	1
1	2023-02-17	1	2	1	30.64	565.16	1019.19	7657.60	1	23.19	0.757	1
2	2023-02-18	1	3	1	19.11	549.35	996.00	7634.41	1	26.07	1.364	1
3	2023-02-19	1	4	1	21.67	530.60	969.93	7608.34	1	18.83	0.869	1
4	2023-02-20	1	5	1	24.50	518.19	951.10	7589.51	1	40.56	1.656	1
5	2023-02-21	1	6	1	24.17	490.18	910.54	7548.95	1	27.52	1.139	1
6	2023-02-22	1	7	1	23.61	470.65	883.02	7521.43	1	36.21	1.534	1
7	2023-02-23	1	8	2	25.72	446.08	846.81	7485.22	1	37.66	1.464	1
8	2023-02-24	1	9	2	25.09	420.20	809.15	7447.56	1	27.52	1.097	1
9	2023-02-25	1	10	2	22.55	401.36	781.63	7420.04	1	30.41	1.349	1
10	2023-02-26	1	11	2	23.64	380.34	751.22	7389.63	1	18.83	0.797	1
11	2023-02-27	1	12	2	23.56	366.54	732.39	7370.80	1	23.18	0.984	1
12	2023-02-28	1	13	2	24.27	351.21	709.21	7347.62	1	22.36	0.921	1
13	2023-03-01	1	14	2	23.97	491.70	686.85	7325.26	1	31.31	1.306	1
14	2023-03-02	1	15	3	22.70	469.22	655.54	7293.95	1	14.97	0.659	1
15	2023-03-03	1	16	3	24.23	457.74	640.57	7278.98	1	17.69	0.730	1
16	2023-03-04	1	17	3	24.44	444.51	622.88	7261.29	1	13.61	0.557	1
17	2023-03-05	1	18	3	24.95	434.68	609.27	7247.68	1	19.06	0.764	1
18	2023-03-06	1	19	3	23.98	420.79	590.21	7228.62	1	17.69	0.738	1
19	2023-03-07	1	20	3	23.22	408.15	572.52	7210.93	0	4.09	0.176	2
20	2023-03-08	1	21	3	23.81	404.83	568.43	7206.84	0	5.44	0.228	2
21	2023-03-09	1	22	4	24.09	401.21	562.99	7201.40	0	4.09	0.170	2
22	2023-03-10	1	23	4	23.66	397.66	558.90	7197.31	0	5.44	0.230	2
23	2023-03-11	1	24	4	24.95	394.08	553.46	7191.87	0	4.08	0.164	2
24	2023-03-12	1	25	4	24.27	390.64	549.38	7187.79	0	5.45	0.225	2
25	2023-03-13	1	26	4	24.59	387.15	543.93	7182.34	0	4.08	0.166	2
26	2023-03-14	1	27	4	25.14	383.73	539.85	7178.26	0	4.08	0.162	2
27	2023-03-15	1	28	4	24.00	380.41	535.77	7174.18	0	5.45	0.227	2
28	2023-03-16	0	29	5	23.06	376.77	530.33	7168.73	0	5.44	0.236	2
29	2023-03-17	1	30	5	23.69	373.13	524.88	7163.29	0	4.09	0.173	2
30	2023-03-18	1	31	5	23.83	369.45	520.79	7159.20	1	13.61	0.571	2
31	2023-03-19	1	32	5	24.20	360.04	507.18	7145.59	0	4.08	0.169	2
32	2023-03-20	1	33	5	24.22	356.57	503.10	7141.51	0	4.08	0.168	2
33	2023-03-21	1	34	5	26.70	353.29	499.02	7137.43	0	8.15	0.305	2
34	2023-03-22	1	35	5	24.00	347.31	490.87	7129.28	0	5.45	0.227	2
35	2023-03-23	0	36	6	24.89	343.57	485.41	7123.82	0	5.45	0.219	2
36	2023-03-24	1	37	6	24.00	339.84	479.96	7118.37	0	7.48	0.312	2
37	2023-03-25	0	38	6	21.22	334.51	472.48	7110.89	0	7.49	0.353	2
38	2023-03-26	1	39	6	24.00	329.19	464.99	7103.40	0	6.12	0.255	2
39	2023-03-27	0	40	6	24.00	324.57	458.87	7097.27	0	6.12	0.255	2
40	2023-03-28	0	41	6	24.00	319.95	452.74	7091.15	0	6.12	0.255	2
41	2023-03-29	0	42	6	24.42	315.33	446.62	7085.02	0	6.12	0.251	2
42	2023-03-30	1	43	7	21.77	310.71	440.49	7078.90	0	7.13	0.328	2
43	2023-03-31	1	44	7	25.83	305.86	433.36	7071.77	0	8.66	0.335	2
44	2023-04-01	1	45	7	24.34	310.57	424.70	7063.11	0	5.44	0.223	2
45	2023-04-02	1	46	7	20.52	306.50	419.26	7057.67	0	5.45	0.266	2
46	2023-04-03	1	47	7	32.59	302.42	413.81	7052.22	1	14.97	0.459	2
47	2023-04-04	1	48	7	18.69	292.13	398.84	7037.25	0	2.72	0.146	2
48	2023-04-05	1	49	7	24.00	287.76	396.12	7034.53	0	4.54	0.189	2
49	2023-04-06	0	50	8	24.00	284.80	391.58	7029.99	0	4.54	0.189	2
50	2023-04-07	0	51	8	24.00	281.84	387.05	7025.46	0	4.54	0.189	2
51	2023-04-08	0	52	8	24.00	278.88	382.51	7020.92	0	4.54	0.189	2
52	2023-04-09	0	53	8	24.00	275.93	377.97	7016.38	0	4.54	0.189	2
53	2023-04-10	0	54	8	22.83	272.97	373.44	7011.85	0	4.54	0.199	2
54	2023-04-11	1	55	8	24.28	270.01	368.90	7007.31	0	5.45	0.224	2
55	2023-04-12	1	56	8	24.52	265.53	363.45	7001.86	0	6.80	0.277	2
56	2023-04-13	1	57	9	25.27	261.09	356.65	6995.06	0	8.17	0.323	2
57	2023-04-14	1	58	9	21.69	254.99	348.48	6986.89	0	5.44	0.251	2
58	2023-04-15	1	59	9	24.00	250.99	343.04	6981.45	0	6.81	0.284	2
59	2023-04-16	0	60	9	24.00	245.85	336.24	6974.64	0	6.80	0.284	2
60	2023-04-17	0	61	9	24.00	240.72	329.43	6967.84	0	6.81	0.284	2
61	2023-04-18	0	62	9	24.05	235.58	322.62	6961.03	0	6.81	0.283	2
62	2023-04-19	1	63	9	24.00	230.44	315.82	6954.23	0	8.17	0.340	2
63	2023-04-20	0	64	10	24.00	224.52	307.65	6946.06	0	8.17	0.340	2
64	2023-04-21	0	65	10	24.00	218.61	299.49	6937.89	0	8.17	0.340	2
65	2023-04-22	0	66	10	25.41	212.69	291.32	6929.73	0	8.17	0.321	2
66	2023-04-23	1	67	10	24.00	206.77	283.15	6921.56	0	8.17	0.340	2
67	2023-04-24	0	68	10	24.00	200.69	274.98	6913.39	0	8.17	0.340	2
68	2023-04-25	0	69	10	24.00	194.61	266.81	6905.22	0	8.17	0.340	2
69	2023-04-26	0	70	10	22.31	188.52	258.65	6897.06	0	8.17	0.366	2
70	2023-04-27	1	71	11	24.00	182.44	250.48	6888.89	0	6.33	0.264	2
71	2023-04-28	0	72	11	24.00	178.09	244.15	6882.56	0	6.33	0.264	2
72	2023-04-29	0	73	11	24.00	173.75	237.82	6876.23	0	6.33	0.264	2
73	2023-04-30	0	74	11	24.86	169.41	231.50	6869.91	0	6.33	0.255	2
74	2023-05-01	1	75	11	24.86	165.06	225.17	6863.58	0	8.17	0.329	2
75	2023-05-02	1	76	11	24.00	159.37	217.00	6855.41	0	7.48	0.312	2
76	2023-05-03	0	77	11	24.50	153.95	209.51	6847.93	0	7.49	0.306	2
77	2023-05-04	1	78	12	24.00	148.53	202.03	6840.44	0	5.90	0.246	2
78	2023-05-05	0	79	12	24.00	144.11	196.13	6834.54	0	5.90	0.246	2
79	2023-05-06	0	80	12	22.92	139.70	190.24	6828.65	0	5.90	0.257	2
80	2023-05-07	1	81	12	24.75	135.28	184.34	6822.75	0	8.17	0.330	2
81	2023-05-08	1	82	12	20.73	129.32	176.17	6814.58	0	5.45	0.263	2
82	2023-05-09	1	83	12	24.00	124.99	170.72	6809.13	0	8.16	0.340	2
83	2023-05-10	0	84	12	25.27	119.46	162.56	6800.97	0	8.16	0.323	2
84	2023-05-11	1	85	13	24.00	113.93	154.39	6792.80	0	7.62	0.318	2
85	2023-05-12	0	86	13	24.00	108.10	146.77	6785.18	0	7.62	0.318	2
86	2023-05-13	0	87	13	24.00	102.27	139.15	6777.56	0	7.62	0.318	2
87	2023-05-14	0	88	13	24.00	96.43	131.52	6769.93	0	7.62	0.318	2
88	2023-05-15	0	89	13	23.73	90.60	123.90	6762.31	0	7.62	0.321	2
89	2023-05-16	1	90	13	24.22	84.77	116.28	6754.69	0	8.17	0.337	2
90	2023-05-17	1	91	13	23.22	79.03	108.11	6746.52	0	8.17	0.352	2
91	2023-05-18	0	92	14	23.48	73.29	99.94	6738.35	0	7.65	0.326	2
92	2023-05-19	1	93	14	30.08	257.58	355.00	6730.70	0	8.68	0.289	2
93	2023-05-20	1	94	14	19.44	250.74	346.32	6722.02	0	4.27	0.220	2
94	2023-05-21	1	95	14	22.53	247.65	342.05	6717.75	0	1.17	0.052	2
95	2023-05-22	1	96	14	24.00	245.81	340.88	6716.58	0	0.00	0.000	2
96	2023-05-23	0	97	14	24.00	245.81	340.88	6716.58	0	0.00	0.000	2
97	2023-05-24	0	98	14	24.00	245.81	340.88	6716.58	0	0.00	0.000	2
98	2023-05-25	0	99	15	24.00	245.81	340.88	6716.58	0	0.00	0.000	2
99	2023-05-26	1	100	15	24.39	245.81	340.88	6716.58	0	9.53	0.391	2
100	2023-05-27	1	101	15	25.64	239.64	331.35	6707.05	1	12.25	0.478	2
101	2023-05-28	1	102	15	24.64	230.56	319.10	6694.80	0	5.44	0.221	2
102	2023-05-29	1	103	15	23.05	225.95	313.66	6689.36	0	6.81	0.295	2
103	2023-05-30	1	104	15	22.89	220.87	306.85	6682.55	0	6.80	0.297	2
104	2023-05-31	1	105	15	27.19	216.51	300.05	6675.75	1	10.34	0.380	2
105	2023-06-01	1	106	16	21.25	212.75	289.71	6665.41	0	4.09	0.192	2
106	2023-06-02	1	107	16	22.73	210.64	285.62	6661.32	0	5.44	0.239	2
107	2023-06-03	1	108	16	24.00	205.98	280.18	6655.88	0	7.49	0.312	2
108	2023-06-04	0	109	16	24.14	200.62	272.69	6648.39	0	7.48	0.310	2
109	2023-06-05	1	110	16	24.00	195.27	265.21	6640.91	0	6.47	0.269	2
110	2023-06-06	0	111	16	24.00	190.38	258.74	6634.44	0	6.47	0.269	2
111	2023-06-07	0	112	16	24.00	185.50	252.27	6627.97	0	6.47	0.269	2
112	2023-06-08	0	113	17	26.17	180.61	245.81	6621.51	0	6.47	0.247	2
113	2023-06-09	1	114	17	24.00	175.72	239.34	6615.04	0	6.12	0.255	2
114	2023-06-10	0	115	17	24.42	171.12	233.22	6608.91	0	6.12	0.251	2
115	2023-06-11	1	116	17	24.17	166.51	227.09	6602.79	0	8.16	0.338	2
116	2023-06-12	1	117	17	24.00	161.06	218.93	6594.63	0	10.21	0.425	2
117	2023-06-13	0	118	17	23.47	153.36	208.72	6584.42	0	10.21	0.435	2
118	2023-06-14	1	119	17	31.22	145.65	198.51	6574.21	1	14.97	0.480	2
119	2023-06-15	1	120	18	24.00	134.06	183.54	6559.24	0	6.12	0.255	2
120	2023-06-16	0	121	18	23.30	130.13	177.41	6553.11	0	6.12	0.263	2
121	2023-06-17	1	122	18	17.61	126.21	171.29	6546.99	0	2.72	0.154	2
122	2023-06-18	1	123	18	24.52	123.62	168.57	6544.27	0	5.45	0.222	2
123	2023-06-19	1	124	18	24.25	120.32	163.12	6538.82	0	6.80	0.280	2
124	2023-06-20	1	125	18	22.72	115.11	156.32	6532.02	0	10.89	0.479	3
125	2023-06-21	1	126	18	22.94	106.81	145.43	6521.13	1	17.70	0.772	3
126	2023-06-22	1	127	19	32.97	93.76	127.73	6503.43	1	14.97	0.454	3
127	2023-06-23	1	128	19	16.92	82.25	112.76	6488.46	1	52.32	3.092	3
128	2023-06-24	1	129	19	21.86	328.87	548.01	6436.14	0	9.66	0.442	3
129	2023-06-25	1	130	19	28.08	322.72	538.35	6426.48	1	17.72	0.631	3
130	2023-06-26	1	131	19	21.67	311.63	520.63	6408.76	1	14.50	0.669	3
131	2023-06-27	1	132	19	27.03	302.30	506.13	6394.26	1	35.44	1.311	3
132	2023-06-28	1	133	19	21.77	280.18	470.69	6358.82	1	17.73	0.815	3
133	2023-06-29	1	134	20	23.80	269.74	452.96	6341.09	1	25.77	1.083	3
134	2023-06-30	1	135	20	22.47	253.44	427.19	6315.32	1	18.29	0.814	3
135	2023-07-01	1	136	20	24.22	253.07	408.90	6297.03	1	30.61	1.264	3
136	2023-07-02	1	137	20	24.06	235.03	378.29	6266.42	1	28.99	1.205	3
137	2023-07-03	1	138	20	23.02	216.86	349.30	6237.43	1	24.17	1.050	3
138	2023-07-04	1	139	20	25.59	202.01	325.13	6213.26	1	25.77	1.007	3
139	2023-07-05	1	140	20	23.89	185.09	299.36	6187.49	1	30.61	1.281	3
140	2023-07-06	1	141	21	22.47	167.43	268.75	6156.88	1	30.61	1.362	3
141	2023-07-07	1	142	21	26.06	147.51	238.14	6126.27	1	27.39	1.051	3
142	2023-07-08	1	143	21	21.98	130.89	210.75	6098.88	1	22.55	1.026	3
143	2023-07-09	1	144	21	24.05	116.38	188.20	6076.33	1	16.20	0.674	3
144	2023-07-10	1	145	21	24.25	107.48	172.00	6060.13	1	33.74	1.391	3
145	2023-07-11	1	146	21	23.92	85.67	138.26	6026.39	1	22.56	0.943	3
146	2023-07-12	1	147	21	24.09	71.78	115.70	6003.83	1	19.33	0.802	3
147	2023-07-13	1	148	22	24.16	60.38	96.37	5984.50	1	12.89	0.534	3
148	2023-07-14	1	149	22	23.94	51.48	83.48	5971.61	1	24.16	1.009	3
149	2023-07-15	1	150	22	23.75	323.71	546.89	5947.45	1	20.95	0.882	3
150	2023-07-16	1	151	22	23.86	310.11	525.94	5926.50	1	25.77	1.080	3
151	2023-07-17	1	152	22	24.06	294.74	500.17	5900.73	1	16.11	0.670	3
152	2023-07-18	1	153	22	24.58	284.13	484.06	5884.62	1	14.50	0.590	3
153	2023-07-19	1	154	22	24.05	274.88	469.56	5870.12	1	29.00	1.206	3
154	2023-07-20	1	155	23	23.80	257.42	440.56	5841.12	1	17.72	0.745	3
155	2023-07-21	1	156	23	23.70	246.17	422.84	5823.40	1	27.12	1.144	3
156	2023-07-22	1	157	23	24.22	231.32	395.72	5796.28	1	22.29	0.920	3
157	2023-07-23	1	158	23	22.98	217.56	373.43	5773.99	1	17.14	0.746	3
158	2023-07-24	1	159	23	24.59	208.11	356.29	5756.85	1	20.57	0.836	3
159	2023-07-25	1	160	23	23.52	195.55	335.72	5736.28	1	17.14	0.729	3
160	2023-07-26	1	161	23	24.08	186.00	318.58	5719.14	1	24.00	0.997	3
161	2023-07-27	1	162	24	23.81	171.45	294.58	5695.14	1	18.86	0.792	3
162	2023-07-28	1	163	24	23.95	161.26	275.72	5676.28	1	12.00	0.501	3
163	2023-07-29	1	164	24	23.97	153.41	263.72	5664.28	1	17.72	0.739	3
164	2023-07-30	1	165	24	24.25	144.08	246.00	5646.56	1	26.85	1.107	3
165	2023-07-31	1	166	24	24.16	127.67	219.15	5619.71	1	24.15	1.000	3
166	2023-08-01	1	167	24	24.83	120.89	195.00	5595.56	1	20.95	0.844	3
167	2023-08-02	1	168	24	23.84	108.78	174.05	5574.61	1	19.33	0.811	3
168	2023-08-03	1	169	25	24.80	95.92	154.72	5555.28	1	19.34	0.780	3
169	2023-08-04	1	170	25	23.11	84.56	135.38	5535.94	1	14.49	0.627	3
170	2023-08-05	1	171	25	24.02	74.81	120.89	5521.45	1	11.28	0.470	3
171	2023-08-06	1	172	25	23.27	68.15	109.61	5510.17	1	11.27	0.484	3
172	2023-08-07	1	173	25	24.34	60.92	98.34	5498.90	1	19.34	0.794	3
173	2023-08-08	1	174	25	23.89	48.45	79.00	5479.56	1	17.72	0.742	3
174	2023-08-09	1	175	25	23.83	37.81	61.28	5461.84	1	11.27	0.473	3
175	2023-08-10	1	176	26	25.50	30.45	50.01	5450.57	1	12.89	0.505	3
176	2023-08-11	1	177	26	22.77	317.57	524.69	5437.68	1	17.72	0.778	3
177	2023-08-12	1	178	26	23.56	306.76	506.97	5419.96	1	25.78	1.094	3
178	2023-08-13	1	179	26	24.48	290.97	481.19	5394.18	1	16.11	0.658	3
179	2023-08-14	1	180	26	23.98	280.43	465.08	5378.07	1	12.89	0.537	3
180	2023-08-15	1	181	26	24.03	272.29	452.19	5365.18	1	25.77	1.072	3
181	2023-08-16	1	182	26	24.25	256.90	426.42	5339.41	1	11.28	0.465	3
182	2023-08-17	1	183	27	23.48	249.57	415.14	5328.13	1	14.50	0.617	3
183	2023-08-18	1	184	27	24.41	240.40	400.64	5313.63	1	16.64	0.682	3
184	2023-08-19	1	185	27	24.22	230.96	384.00	5296.99	1	12.36	0.510	3
185	2023-08-20	1	186	27	23.91	222.15	371.64	5284.63	1	12.88	0.539	3
186	2023-08-21	1	187	27	23.98	214.74	358.76	5271.75	1	12.89	0.537	3
187	2023-08-22	1	188	27	24.33	206.75	345.87	5258.86	1	14.50	0.596	3
188	2023-08-23	1	189	27	24.02	197.12	331.37	5244.36	1	20.94	0.872	3
189	2023-08-24	1	190	28	23.52	184.59	310.43	5223.42	1	22.56	0.959	3
190	2023-08-25	1	191	28	23.95	171.02	287.87	5200.86	1	40.27	1.681	3
191	2023-08-26	1	192	28	24.03	145.92	247.60	5160.59	1	16.11	0.670	3
192	2023-08-27	1	193	28	24.67	135.08	231.49	5144.48	0	6.45	0.261	3
193	2023-08-28	1	194	28	23.58	131.38	225.04	5138.03	1	48.37	2.051	3
194	2023-08-29	1	195	28	24.39	103.39	176.67	5089.66	1	30.86	1.265	3
195	2023-08-30	1	196	28	23.97	85.44	145.81	5058.80	1	41.14	1.716	3
196	2023-08-31	1	197	29	23.69	61.20	104.67	5017.66	1	37.76	1.594	3
197	2023-09-01	1	198	29	24.53	348.06	566.91	4979.90	1	20.94	0.854	3
198	2023-09-02	1	199	29	24.44	334.87	545.97	4958.96	1	19.34	0.791	3
199	2023-09-03	1	200	29	23.48	323.47	526.63	4939.62	1	16.11	0.686	3
200	2023-09-04	1	201	29	23.55	313.28	510.52	4923.51	1	14.50	0.616	3
201	2023-09-05	1	202	29	24.25	304.44	496.02	4909.01	1	12.88	0.531	3
202	2023-09-06	1	203	29	23.91	295.82	483.14	4896.13	1	20.95	0.876	3
203	2023-09-07	1	204	30	24.41	282.92	462.19	4875.18	1	17.72	0.726	3
204	2023-09-08	1	205	30	24.59	271.56	444.47	4857.46	1	19.33	0.786	3
205	2023-09-09	1	206	30	23.36	260.14	425.14	4838.13	1	14.50	0.621	3
206	2023-09-10	1	207	30	23.61	251.47	410.64	4823.63	1	16.11	0.682	3
207	2023-09-11	1	208	30	23.39	240.75	394.53	4807.52	1	30.61	1.309	3
208	2023-09-12	1	209	30	25.20	222.02	363.92	4776.91	1	14.50	0.575	3
209	2023-09-13	1	210	30	23.06	212.72	349.42	4762.41	1	17.72	0.768	3
210	2023-09-14	1	211	31	23.98	202.40	331.70	4744.69	1	19.33	0.806	3
211	2023-09-15	1	212	31	23.25	190.10	312.37	4725.36	1	17.72	0.762	3
212	2023-09-16	1	213	31	24.00	179.04	294.65	4707.64	1	18.52	0.772	3
213	2023-09-17	0	214	31	24.94	167.32	276.12	4689.11	1	18.52	0.743	3
214	2023-09-18	1	215	31	23.80	155.60	257.60	4670.59	1	22.56	0.948	3
215	2023-09-19	1	216	31	24.06	142.14	235.04	4648.03	1	19.33	0.803	3
216	2023-09-20	1	217	31	23.98	130.51	215.71	4628.70	1	32.22	1.343	3
217	2023-09-21	1	218	32	24.25	110.40	183.49	4596.48	1	24.16	0.996	3
218	2023-09-22	1	219	32	24.05	94.98	159.33	4572.32	1	20.95	0.871	3
219	2023-09-23	1	220	32	24.30	81.93	138.38	4551.37	0	11.27	0.464	3
220	2023-09-24	1	221	32	23.81	75.14	127.11	4540.10	1	19.34	0.812	3
221	2023-09-25	1	222	32	29.69	62.90	107.77	4520.76	1	22.86	0.770	3
222	2023-09-26	1	223	32	18.41	48.70	84.91	4497.90	1	20.57	1.118	3
223	2023-09-27	1	224	32	23.39	37.98	64.34	4477.33	1	27.43	1.173	3
224	2023-09-28	1	225	33	24.92	21.89	36.91	4449.90	1	32.57	1.307	3
225	2023-09-29	1	226	33	23.27	273.98	491.91	4417.33	1	25.72	1.105	3
226	2023-09-30	1	227	33	23.77	259.30	466.19	4391.61	1	20.72	0.872	3
227	2023-10-01	1	228	33	24.31	275.76	445.47	4370.89	1	22.55	0.928	3
228	2023-10-02	1	229	33	24.08	263.00	422.92	4348.34	1	22.56	0.937	3
229	2023-10-03	1	230	33	23.94	249.01	400.36	4325.78	1	30.61	1.279	3
230	2023-10-04	1	231	33	24.61	229.84	369.75	4295.17	1	30.61	1.244	3
231	2023-10-05	1	232	34	23.27	210.73	339.14	4264.56	1	30.60	1.315	3
232	2023-10-06	1	233	34	25.06	191.42	308.54	4233.96	1	32.22	1.286	3
233	2023-10-07	1	234	34	24.23	171.25	276.32	4201.74	1	25.78	1.064	3
234	2023-10-08	1	235	34	23.27	155.25	250.54	4175.96	1	17.72	0.762	3
235	2023-10-09	1	236	34	23.52	145.46	232.82	4158.24	1	20.94	0.890	3
236	2023-10-10	1	237	34	24.58	131.62	211.88	4137.30	1	29.00	1.180	3
237	2023-10-11	1	238	34	23.92	113.03	182.88	4108.30	1	27.39	1.145	3
238	2023-10-12	1	239	35	25.81	96.43	155.49	4080.91	1	30.61	1.186	3
239	2023-10-13	1	240	35	22.23	77.22	124.88	4050.30	1	16.11	0.725	3
240	2023-10-14	1	241	35	23.55	352.83	596.34	4034.19	1	12.89	0.547	3
241	2023-10-15	1	242	35	24.58	344.52	583.45	4021.30	1	14.50	0.590	3
242	2023-10-16	1	243	35	22.97	335.40	568.95	4006.80	1	32.22	1.403	3
243	2023-10-17	1	244	35	23.89	315.40	536.73	3974.58	1	14.49	0.607	3
244	2023-10-18	1	245	35	23.45	306.87	522.24	3960.09	1	16.11	0.687	3
245	2023-10-19	1	246	36	24.19	296.82	506.13	3943.98	1	27.39	1.132	3
246	2023-10-20	1	247	36	23.95	279.93	478.74	3916.59	1	24.17	1.009	3
247	2023-10-21	1	248	36	24.75	264.27	454.57	3892.42	1	44.57	1.801	3
248	2023-10-22	1	249	36	23.52	239.13	410.00	3847.85	1	30.86	1.312	3
249	2023-10-23	1	250	36	23.48	221.24	379.14	3816.99	1	30.85	1.314	3
250	2023-10-24	1	251	36	24.83	203.91	348.29	3786.14	1	22.29	0.898	3
251	2023-10-25	1	252	36	23.31	189.46	326.00	3763.85	1	39.43	1.691	3
252	2023-10-26	1	253	37	24.78	166.91	286.57	3724.42	1	32.57	1.314	3
253	2023-10-27	1	254	37	22.77	147.38	254.00	3691.85	1	20.57	0.904	3
254	2023-10-28	1	255	37	24.44	136.97	233.43	3671.28	1	27.43	1.122	3
255	2023-10-29	1	256	37	23.92	119.55	206.00	3643.85	1	25.71	1.075	3
256	2023-10-30	1	257	37	24.73	104.78	180.29	3618.14	1	36.00	1.455	3
257	2023-10-31	1	258	37	24.27	84.40	144.29	3582.14	1	20.83	0.858	3
258	2023-11-01	1	259	37	23.20	75.64	123.46	3561.31	1	32.22	1.389	3
259	2023-11-02	1	260	38	23.34	56.34	91.24	3529.09	1	33.83	1.449	3
260	2023-11-03	1	261	38	25.97	333.16	544.98	3495.26	1	25.78	0.993	3
261	2023-11-04	1	262	38	22.22	317.14	519.20	3469.48	1	37.05	1.668	3
262	2023-11-05	1	263	38	23.98	294.28	482.15	3432.43	1	25.78	1.075	3
263	2023-11-06	1	264	38	24.66	277.76	456.37	3406.65	1	35.44	1.437	3
264	2023-11-07	1	265	38	24.56	255.74	420.93	3371.21	1	32.22	1.312	3
265	2023-11-08	1	266	38	23.44	236.09	388.71	3338.99	1	40.27	1.718	3
266	2023-11-09	1	267	39	25.02	211.32	348.44	3298.72	1	27.39	1.095	3
267	2023-11-10	1	268	39	22.95	193.59	321.05	3271.33	1	29.00	1.263	3
268	2023-11-11	1	269	39	23.39	175.60	292.05	3242.33	1	30.61	1.309	3
269	2023-11-12	1	270	39	25.05	157.15	261.44	3211.72	1	30.61	1.222	3
270	2023-11-13	1	271	39	22.95	138.05	230.83	3181.11	1	37.05	1.614	3
271	2023-11-14	1	272	39	25.59	115.10	193.78	3144.06	1	32.22	1.259	3
272	2023-11-15	1	273	39	23.91	94.74	161.56	3111.84	1	30.61	1.280	3
273	2023-11-16	1	274	40	23.45	76.10	130.95	3081.23	1	36.00	1.535	3
274	2023-11-17	1	275	40	23.50	55.75	94.95	3045.23	1	27.43	1.167	3
275	2023-11-18	1	276	40	23.67	39.29	67.52	3017.80	1	22.28	0.941	3
276	2023-11-19	1	277	40	24.22	372.96	745.24	2995.52	1	29.15	1.204	3
277	2023-11-20	1	278	40	23.94	355.97	716.09	2966.37	1	41.14	1.719	3
278	2023-11-21	1	279	40	24.22	332.40	674.95	2925.23	1	29.14	1.203	3
279	2023-11-22	1	280	40	23.48	314.76	645.81	2896.09	1	32.57	1.387	3
280	2023-11-23	1	281	41	24.70	296.42	613.24	2863.52	1	29.15	1.180	3
281	2023-11-24	1	282	41	24.00	279.01	584.09	2834.37	1	15.30	0.638	3
282	2023-11-25	1	283	41	24.00	271.70	568.79	2819.07	0	4.01	0.167	3
283	2023-11-26	1	284	41	24.00	269.79	564.78	2815.06	1	16.69	0.695	3
284	2023-11-27	1	285	41	24.09	258.69	548.09	2798.37	1	25.71	1.067	3
285	2023-11-28	1	286	41	24.03	243.71	522.38	2772.66	1	32.57	1.355	3
286	2023-11-29	1	287	41	23.55	224.04	489.81	2740.09	1	34.29	1.456	3
287	2023-11-30	1	288	42	23.73	204.59	455.52	2705.80	1	34.44	1.451	3
288	2023-12-01	1	289	42	24.31	261.29	421.08	2671.36	1	20.94	0.861	3
289	2023-12-02	1	290	42	23.67	248.95	400.14	2650.42	1	29.00	1.225	3
290	2023-12-03	1	291	42	24.41	229.94	371.14	2621.42	1	30.61	1.254	3
291	2023-12-04	1	292	42	24.25	211.17	340.53	2590.81	1	37.05	1.528	3
292	2023-12-05	1	293	42	23.95	188.08	303.48	2553.76	1	33.83	1.412	3
293	2023-12-06	1	294	42	23.84	168.02	269.65	2519.93	1	32.22	1.351	3
294	2023-12-07	1	295	43	24.20	147.65	237.43	2487.71	1	27.39	1.132	3
295	2023-12-08	1	296	43	24.39	128.83	210.04	2460.32	1	25.77	1.057	3
296	2023-12-09	1	297	43	24.59	114.75	184.27	2434.55	1	35.45	1.441	3
297	2023-12-10	1	298	43	23.03	91.77	148.82	2399.10	1	32.22	1.399	3
298	2023-12-11	1	299	43	24.22	72.48	116.60	2366.88	1	35.44	1.463	3
299	2023-12-12	1	300	43	24.00	50.45	81.16	2331.44	1	33.83	1.410	3
300	2023-12-13	1	301	43	24.00	315.93	534.90	2297.61	1	11.67	0.486	3
301	2023-12-14	1	302	44	24.00	309.04	523.23	2285.94	0	4.09	0.170	3
302	2023-12-15	1	303	44	23.86	306.62	519.14	2281.85	1	18.07	0.757	3
303	2023-12-16	1	304	44	23.95	294.40	501.07	2263.78	1	22.55	0.941	3
304	2023-12-17	1	305	44	23.64	280.75	478.52	2241.23	1	35.45	1.500	3
305	2023-12-18	1	306	44	24.05	258.65	443.07	2205.78	1	31.74	1.320	3
306	2023-12-19	1	307	44	23.75	240.33	411.33	2174.04	1	37.72	1.588	3
307	2023-12-20	1	308	44	24.02	218.16	373.61	2136.32	1	48.00	1.999	3
308	2023-12-21	1	309	45	23.91	190.55	325.61	2088.32	1	25.71	1.075	3
309	2023-12-22	1	310	45	24.98	175.14	299.90	2062.61	1	20.57	0.823	4
310	2023-12-23	1	311	45	23.55	162.94	279.33	2042.04	1	13.72	0.583	4
311	2023-12-24	1	312	45	23.84	155.33	265.61	2028.32	1	17.14	0.719	4
312	2023-12-25	1	313	45	24.36	145.70	248.47	2011.18	1	24.00	0.985	4
313	2023-12-26	1	314	45	23.86	130.96	224.47	1987.18	1	18.86	0.790	4
314	2023-12-27	1	315	45	24.05	119.89	205.61	1968.32	1	27.43	1.141	4
315	2023-12-28	1	316	46	24.00	103.52	178.18	1940.89	1	20.57	0.857	4
316	2023-12-29	1	317	46	24.34	92.62	157.61	1920.32	1	17.14	0.704	4
317	2023-12-30	1	318	46	23.73	81.43	140.47	1903.18	1	25.71	1.083	4
318	2023-12-31	1	319	46	23.83	277.99	614.76	1877.47	1	27.69	1.162	4
319	2024-01-01	1	320	46	23.80	360.15	587.07	1849.78	1	19.33	0.812	4
320	2024-01-02	1	321	46	23.92	347.83	567.74	1830.45	1	22.55	0.943	4
321	2024-01-03	1	322	46	24.53	334.11	545.19	1807.90	1	20.95	0.854	4
322	2024-01-04	1	323	47	24.08	320.46	524.24	1786.95	1	20.94	0.870	4
323	2024-01-05	1	324	47	24.00	308.36	503.30	1766.01	1	22.15	0.923	4
324	2024-01-06	0	325	47	24.00	294.62	481.15	1743.86	1	22.15	0.923	4
325	2024-01-07	0	326	47	24.00	280.88	459.00	1721.71	1	22.15	0.923	4
326	2024-01-08	0	327	47	23.98	267.13	436.85	1699.56	1	22.15	0.924	4
327	2024-01-09	1	328	47	24.00	253.39	414.70	1677.41	1	17.73	0.739	4
328	2024-01-10	0	329	47	24.30	242.16	396.98	1659.68	1	17.72	0.730	4
329	2024-01-11	1	330	48	24.00	230.94	379.25	1641.96	1	20.30	0.846	4
330	2024-01-12	0	331	48	24.00	218.43	358.95	1621.66	1	20.30	0.846	4
331	2024-01-13	0	332	48	24.00	205.93	338.65	1601.36	1	20.30	0.846	4
332	2024-01-14	0	333	48	24.00	193.42	318.36	1581.07	1	20.30	0.846	4
333	2024-01-15	0	334	48	23.69	180.92	298.06	1560.77	1	20.30	0.857	4
334	2024-01-16	1	335	48	24.00	168.41	277.76	1540.47	1	23.20	0.967	4
335	2024-01-17	0	336	48	24.00	153.94	254.56	1517.27	1	23.20	0.967	4
336	2024-01-18	0	337	49	24.00	139.47	231.36	1494.07	1	23.20	0.967	4
337	2024-01-19	0	338	49	24.00	125.01	208.17	1470.88	1	23.20	0.967	4
338	2024-01-20	0	339	49	24.05	110.54	184.97	1447.68	1	23.20	0.965	4
339	2024-01-21	1	340	49	24.00	96.07	161.77	1424.48	1	23.02	0.959	4
340	2024-01-22	0	341	49	24.00	82.40	138.75	1401.46	1	12.42	0.518	4
341	2024-01-23	1	342	49	23.86	75.02	126.33	1389.04	1	11.28	0.473	4
342	2024-01-24	1	343	49	24.00	335.97	602.62	1377.76	1	22.03	0.918	4
343	2024-01-25	0	344	50	24.39	322.93	580.59	1355.73	1	22.03	0.903	4
344	2024-01-26	1	345	50	24.00	309.89	558.56	1333.70	1	24.00	1.000	4
345	2024-01-27	0	346	50	24.00	295.99	534.56	1309.70	1	24.00	1.000	4
346	2024-01-28	0	347	50	24.03	282.10	510.56	1285.70	1	24.00	0.999	4
347	2024-01-29	1	348	50	24.00	268.20	486.56	1261.70	1	32.59	1.358	4
348	2024-01-30	0	349	50	24.00	259.03	453.97	1229.11	1	32.59	1.358	4
349	2024-01-31	0	350	50	23.83	249.87	421.39	1196.53	1	32.59	1.368	4
350	2024-02-01	1	351	51	24.00	240.70	388.80	1163.94	1	33.02	1.376	4
351	2024-02-02	0	352	51	24.00	220.40	355.78	1130.92	1	33.03	1.376	4
352	2024-02-03	0	353	51	24.00	200.10	322.75	1097.89	1	33.02	1.376	4
353	2024-02-04	0	354	51	24.00	179.81	289.73	1064.87	1	33.03	1.376	4
354	2024-02-05	0	355	51	24.00	159.51	256.70	1031.84	1	33.03	1.376	4
355	2024-02-06	0	356	51	23.23	139.21	223.68	998.82	1	33.02	1.421	4
356	2024-02-07	1	357	51	23.83	118.91	190.65	965.79	1	30.61	1.285	4
357	2024-02-08	1	358	52	24.23	99.32	160.04	935.18	1	22.56	0.931	4
358	2024-02-09	1	359	52	24.00	85.20	137.48	912.62	1	18.26	0.761	4
359	2024-02-10	0	360	52	24.00	73.77	119.22	894.36	1	18.26	0.761	4
360	2024-02-11	0	361	52	24.08	62.34	100.97	876.11	1	18.26	0.758	4
361	2024-02-12	1	362	52	23.52	50.91	82.71	857.85	1	32.22	1.370	4
362	2024-02-13	1	363	52	24.00	377.32	638.06	825.63	1	27.66	1.153	4
363	2024-02-14	0	364	52	24.00	360.41	610.40	797.97	1	27.66	1.153	4
364	2024-02-15	0	365	53	24.00	343.50	582.74	770.31	1	27.66	1.153	4
365	2024-02-16	0	366	53	24.00	326.59	555.07	742.64	1	27.66	1.153	4
366	2024-02-17	0	367	53	24.00	309.67	527.41	714.98	1	27.66	1.153	4
367	2024-02-18	0	368	53	24.95	292.76	499.75	687.32	1	27.66	1.109	4
368	2024-02-19	1	369	53	24.00	275.85	472.09	659.66	1	30.37	1.265	4
369	2024-02-20	0	370	53	24.00	258.04	441.72	629.29	1	30.37	1.265	4
370	2024-02-21	0	371	53	24.00	240.24	411.35	598.92	1	30.37	1.265	4
371	2024-02-22	0	372	54	24.00	222.43	380.98	568.55	1	30.37	1.265	4
372	2024-02-23	0	373	54	24.00	204.63	350.62	538.19	1	30.37	1.265	4
373	2024-02-24	0	374	54	24.00	186.82	320.25	507.82	1	30.37	1.265	4
374	2024-02-25	0	375	54	24.45	169.02	289.88	477.45	1	30.37	1.242	4
375	2024-02-26	1	376	54	24.00	151.21	259.51	447.08	1	20.00	0.833	4
376	2024-02-27	0	377	54	24.00	139.38	239.51	427.08	1	20.00	0.833	4
377	2024-02-28	0	378	54	23.59	127.56	219.51	407.08	1	20.00	0.848	4
378	2024-02-29	1	379	55	23.30	115.73	199.51	387.08	1	32.72	1.404	4
379	2024-03-01	1	380	55	23.77	102.66	166.79	354.36	1	27.39	1.153	4
380	2024-03-02	1	381	55	24.00	203.46	326.97	326.97	1	16.92	0.705	4
381	2024-03-03	0	382	55	24.73	192.73	310.06	310.06	1	16.92	0.684	4
382	2024-03-04	1	383	55	24.00	182.00	293.14	293.14	1	23.09	0.962	4
383	2024-03-05	0	384	55	24.00	167.65	270.05	270.05	1	23.09	0.962	4
384	2024-03-06	0	385	55	23.97	153.31	246.96	246.96	1	23.09	0.963	4
385	2024-03-07	1	386	56	23.95	138.96	223.87	223.87	1	32.22	1.345	4
386	2024-03-08	1	387	56	24.00	119.08	191.65	191.65	1	22.02	0.917	4
387	2024-03-09	0	388	56	24.00	105.30	169.63	169.63	1	22.02	0.917	4
388	2024-03-10	0	389	56	24.72	91.51	147.62	147.62	1	22.02	0.891	4
389	2024-03-11	1	390	56	23.25	77.73	125.60	125.60	1	43.50	1.871	4
390	2024-03-12	1	391	56		51.12	82.10	82.10	1			4
